Order,Stn,Block,Grid,Date,Surveyors,Sampled,Y0Count,Y0Weight,Y1Count,Y1Weight,Y2Count,Y2Weight,Y3Count,Y3Weight,Substrata,Media,Easting,Northing,fifteen
1,1,NoA,250,13/05/2022,AP_PD,Y,0,0,2,3,0,0,0,0,sand,5,245000,200000,0.0000
2,2,NoA,250,13/05/2022,AP_PD,Y,0,0,7,14,1,5,0,0,sand,5,245250,200000,19.0000
3,3,NoA,250,13/05/2022,VS_JH,Y,0,0,3,6,0,0,0,0,sand,5,245500,200000,0.0000
4,4,NoA,250,13/05/2022,VS_JH,Y,0,0,1,1,0,0,0,0,sand,5,245750,200000,0.0000
5,5,NoA,250,13/05/2022,VS_JH,Y,0,0,42,75,8,61,1,10,sand,5,246000,200000,71.0000
6,6,NoA,250,13/05/2022,AP_PD,Y,0,0,1,4,0,0,0,0,sand,5,245000,199750,4.0000
7,7,NoA,250,13/05/2022,AP_PD,Y,0,0,0,0,0,0,0,0,sand,5,245250,199750,0.0000
8,8,NoA,250,13/05/2022,AP_PD,Y,0,0,0,0,0,0,0,0,sand,5,245500,199750,0.0000
9,26,SB,250,17/05/2022,VS_PD,N,,,,,,,,,rocks,6,245000,196500,
10,32,SB,250,17/05/2022,VS_PD,N,,,,,,,,,channel,7,245250,197000,
11,33,SB,250,17/05/2022,VS_PD,N,,,,,,,,,rocks,6,245250,196750,
12,34,SB,250,17/05/2022,VS_PD,Y,0,0,15,16,3,11,0,0,sand,5,245250,196500,24.0000
13,35,NB,250,16/05/2022,VS_PD,N,,,,,,,,,channel,7,245500,199250,
14,42,SB,250,17/05/2022,VS_PD,Y,0,0,0,0,0,0,0,0,sand,5,245500,196750,0.0000
15,43,SB,250,17/05/2022,VS_PD,Y,0,0,0,0,3,9,3,25,sand,5,245500,196500,34.0000
16,44,SB,250,17/05/2022,VS_PD,Y,0,0,0,0,0,0,0,0,sand,5,245500,196250,0.0000
17,45,SB,250,17/05/2022,VS_PD,Y,0,0,0,0,0,0,0,0,sand,5,245500,196000,0.0000
18,46,SB,250,17/05/2022,VS_PD,Y,0,0,0,0,0,0,0,0,sand,5,245500,195750,0.0000
19,48,NB,250,16/05/2022,VS_PD,N,,,,,,,,,channel,7,245750,199750,
20,49,NB,250,16/05/2022,VS_PD,N,,,,,,,,,channel,7,245750,199250,
21,50,NB,250,16/05/2022,VS_PD,N,,,,,,,,,channel,7,245750,199000,
22,56,SD,250,17/05/2022,VS_PD,N,,,,,,,,,channel,7,245750,196750,
23,57,SD,250,17/05/2022,RG,Y,0,0,0,0,2,7,0,0,sand,5,245750,196500,7.0000
24,58,SB,250,17/05/2022,RG,Y,0,0,0,0,0,0,0,0,sand,5,245750,196250,0.0000
25,59,SC,250,17/05/2022,VS_PD,Y,0,0,22,16,22,51,3,12,mud,2,245750,196000,64.0000
26,60,SC,250,17/05/2022,VS_PD,Y,0,0,18,8,0,0,4,21,mud,2,245750,195750,21.0000
27,61,SC,250,17/05/2022,VS_PD,Y,0,0,217,449,0,0,0,0,muddy_sand,3,245750,195500,443.0000
28,62,NB,250,16/05/2022,VS_PD,N,,,,,,,,,channel,7,246000,199750,
29,63,NB,250,16/05/2022,VS_PD,N,,,,,,,,,channel,7,246000,199500,
30,64,NB,250,16/05/2022,VS_PD,N,,,,,,,,,channel,7,246000,199250,
31,65,ND,250,15/05/2022,VS_PD,N,,,,,,,,,channel,7,246000,199000,
32,70,SD,250,17/05/2022,VS_PD,N,,,,,,,,,channel,7,246000,196750,
33,71,SD,250,17/05/2022,RG,N,,,,,,,,,channel,7,246000,196500,
34,72,SC,250,17/05/2022,RG,Y,0,0,0,0,0,0,0,0,sand,5,246000,196250,0.0000
35,73,SC,250,17/05/2022,VS_PD,Y,0,0,0,0,0,0,0,0,sand,5,246000,195750,0.0000
36,74,SC,250,17/05/2022,VS_PD,Y,0,0,1,2,6,16,2,7,sand,5,246000,195500,23.0000
37,75,SC,250,17/05/2022,VS_PD,Y,0,0,0,0,0,0,0,0,sand,5,246000,195250,0.0000
38,76,NB,250,16/05/2022,VS_PD,N,,,,,,,,,channel,7,246250,199750,
39,77,NC,250,16/05/2022,VS_PD,N,,,,,,,,,channel,7,246250,199500,
40,78,NC,250,16/05/2022,VS_PD,N,,,,,,,,,channel,7,246250,199250,
41,79,ND,250,15/05/2022,VS_PD,N,,,,,,,,,channel,7,246250,199000,
42,80,ND,250,15/05/2022,VS_PD,N,,,,,,,,,channel,7,246250,198750,
43,81,ND,250,15/05/2022,VS_PD,N,,,,,,,,,channel,7,246250,198500,
44,86,SD,250,17/05/2022,VS_PD,N,,,,,,,,,channel,7,246250,196750,
45,87,SD,250,17/05/2022,AP_FF,Y,0,0,0,0,0,0,0,0,sand,5,246250,196500,0.0000
46,88,SE,250,17/05/2022,AP_FF,Y,0,0,0,0,0,0,0,0,sand,5,246250,196250,0.0000
47,89,SE,250,17/05/2022,RG,N,,,,,,,,,channel,7,246250,196000,
48,90,SC,250,17/05/2022,RG,Y,0,0,0,0,0,0,0,0,sand,5,246250,195750,0.0000
49,91,SC,250,17/05/2022,RG,Y,0,0,0,0,8,21,1,5,sand,5,246250,195500,26.0000
50,92,SC,250,17/05/2022,RG,N,,,,,,,,,saltmarsh,1,246250,195250,
51,95,NB,250,16/05/2022,VS_PD,Y,0,0,0,0,0,0,0,0,sand,5,246500,200000,0.0000
52,96,NB,250,16/05/2022,VS_PD,Y,0,0,0,0,0,0,0,0,sand,5,246500,199750,0.0000
53,97,NC,250,16/05/2022,VS_PD,Y,0,0,0,0,0,0,0,0,sand,5,246500,199500,0.0000
54,98,NC,250,16/05/2022,VS_PD,Y,0,0,0,0,0,0,0,0,sand,5,246500,199250,0.0000
55,99,NC,250,16/05/2022,VS_PD,N,,,,,,,,,channel,7,246500,199000,
56,100,ND,250,15/05/2022,VS_PD,N,,,,,,,,,channel,7,246500,198750,
57,101,ND,250,15/05/2022,VS_PD,N,,,,,,,,,channel,7,246500,198500,
58,104,SD,250,17/05/2022,VS_PD,N,,,,,,,,,channel,7,246500,196750,
59,105,SD,250,17/05/2022,AP_FF,Y,0,0,0,0,0,0,0,0,sand,5,246500,196500,0.0000
60,106,SE,250,17/05/2022,AP_FF,Y,0,0,0,0,0,0,0,0,sand,5,246500,196250,0.0000
61,107,SE,250,17/05/2022,RG,N,,,,,,,,,channel,7,246500,196000,
62,108,SE,250,17/05/2022,RG,Y,0,0,2,4,0,0,0,0,sand,5,246500,195750,3.0000
63,109,SG,250,17/05/2022,RG,Y,0,0,1,1,0,0,0,0,sand,5,246500,195500,1.0000
64,112,NB,250,16/05/2022,VS_PD,Y,0,0,0,0,0,0,0,0,sand,5,246750,200000,0.0000
65,113,NC,250,16/05/2022,VS_PD,Y,0,0,0,0,0,0,0,0,sand,5,246750,199750,0.0000
66,114,NC,250,16/05/2022,VS_PD,Y,0,0,0,0,0,0,0,0,sand,5,246750,199500,0.0000
67,115,NC,250,16/05/2022,VS_PD,Y,0,0,0,0,0,0,0,0,sand,5,246750,199250,0.0000
68,116,NC,250,16/05/2022,VS_PD,Y,0,0,0,0,0,0,0,0,sand,5,246750,199000,0.0000
69,117,ND,250,15/05/2022,VS_PD,N,,,,,,,,,channel,7,246750,198750,
70,118,ND,250,15/05/2022,VS_PD,N,,,,,,,,,channel,7,246750,198500,
71,119,ND,250,15/05/2022,VS_PD,N,,,,,,,,,channel,7,246750,198250,
72,121,SD,250,17/05/2022,VS_PD,N,,,,,,,,,channel,7,246750,196750,
73,122,SD,250,17/05/2022,AP_FF,Y,0,0,0,0,0,0,0,0,sand,5,246750,196500,0.0000
74,123,SE,250,17/05/2022,AP_FF,Y,0,0,0,0,2,15,0,0,sand,5,246750,196250,15.0000
75,124,SE,250,17/05/2022,AP_FF,Y,0,0,1,1,1,7,0,0,sand,5,246750,196000,7.0000
76,125,SE,250,17/05/2022,AP_FF,Y,0,0,0,0,0,0,0,0,sand,5,246750,195750,0.0000
77,126,SG,250,17/05/2022,AP_FF,Y,0,0,0,0,0,0,0,0,sand,5,246750,195500,0.0000
78,127,SG,250,17/05/2022,AP_FF,Y,0,0,0,0,0,0,0,0,sand,5,246750,195250,0.0000
79,128,NE,250,16/05/2022,VS_FF,Y,0,0,90,137,54,236,12,93,sand,5,247000,200500,352.0000
80,129,NC,250,16/05/2022,VS_PD,Y,0,0,0,0,0,0,0,0,sand,5,247000,199000,0.0000
81,130,ND,250,15/05/2022,VS_PD,Y,0,0,0,0,0,0,0,0,sand,5,247000,198750,0.0000
82,131,ND,250,15/05/2022,VS_PD,N,,,,,,,,,channel,7,247000,198500,
83,132,ND,250,15/05/2022,VS_PD,N,,,,,,,,,channel,7,247000,198250,
84,134,SF,250,18/05/2022,AP_RS,Y,0,0,0,0,0,0,0,0,sand,5,247000,196750,0.0000
85,135,SF,250,18/05/2022,AP_RS,Y,0,0,1,2,0,0,0,0,sand,5,247000,196500,0.0000
86,136,SF,250,18/05/2022,AP_RS,Y,0,0,0,0,0,0,0,0,sand,5,247000,196250,0.0000
87,137,SF,250,18/05/2022,AP_RS,Y,0,0,141,178,21,101,4,32,sand,5,247000,196000,137.0000
88,138,SE,250,17/05/2022,AP_FF,Y,0,0,0,0,0,0,0,0,sand,5,247000,195750,0.0000
89,139,SG,250,17/05/2022,AP_FF,Y,0,0,0,0,0,0,0,0,sand,5,247000,195500,0.0000
90,142,NE,250,16/05/2022,VS_FF,Y,0,0,28,40,31,152,2,18,sand,5,247250,200500,176.0000
91,143,NE,250,16/05/2022,VS_FF,Y,0,0,18,27,36,157,0,0,sand,5,247250,200250,157.0000
92,144,NF,250,16/05/2022,VS_FF,Y,0,0,0,0,8,44,1,6,sand,5,247250,200000,50.0000
93,145,NF,250,16/05/2022,VS_PD,Y,0,0,0,0,0,0,0,0,sand,5,247250,199750,0.0000
94,146,NF,250,16/05/2022,VS_PD,Y,0,0,0,0,0,0,0,0,sand,5,247250,199500,0.0000
95,147,NG,250,15/05/2022,AP_DD,Y,0,0,0,0,0,0,2,21,sand,5,247250,199250,21.0000
96,148,NG,250,15/05/2022,VS_PD,Y,0,0,1,1,2,14,0,0,sand,5,247250,199000,14.0000
97,149,NH,250,15/05/2022,VS_PD,N,,,,,,,,,channel,7,247250,198500,
98,150,ND,250,15/05/2022,VS_PD,N,,,,,,,,,channel,7,247250,198250,
99,152,SF,250,18/05/2022,AP_RS,Y,0,0,0,0,1,7,0,0,sand,5,247250,196750,7.0000
100,153,SF,250,18/05/2022,AP_RS,Y,0,0,1,2,0,0,0,0,sand,5,247250,196500,0.0000
101,154,SF,250,18/05/2022,AP_RS,Y,0,0,380,395,4,15,5,35,sand,5,247250,196250,35.0000
102,155,SF,250,18/05/2022,AP_RS,Y,0,0,10,15,4,18,1,6,sand,5,247250,196000,32.0000
103,156,SE,250,17/05/2022,AP_FF,Y,0,0,0,0,0,0,0,0,sand,5,247250,195750,0.0000
104,157,SG,250,17/05/2022,AP_FF,Y,0,0,0,0,0,0,0,0,sand,5,247250,195500,0.0000
105,161,NE,250,16/05/2022,VS_FF,Y,0,0,22,28,19,80,8,68,sand,5,247500,200500,150.0000
106,162,NE,250,16/05/2022,VS_FF,Y,0,0,1,1,3,14,0,0,sand,5,247500,200250,14.0000
107,163,NF,250,16/05/2022,VS_FF,Y,0,0,4,5,5,21,1,6,sand,5,247500,200000,30.0000
108,164,NF,250,16/05/2022,VS_PD,Y,0,0,0,0,2,8,0,0,sand,5,247500,199750,8.0000
109,165,NF,250,16/05/2022,VS_PD,Y,0,0,0,0,0,0,0,0,sand,5,247500,199500,0.0000
110,166,NG,250,15/05/2022,AP_DD,Y,0,0,0,0,1,5,1,11,sand,5,247500,199250,15.0000
111,167,NG,250,15/05/2022,VS_PD,Y,0,0,0,0,4,23,0,0,sand,5,247500,199000,23.0000
112,168,NH,250,15/05/2022,VS_PD,Y,0,0,0,0,1,5,0,0,sand,5,247500,198750,0.0000
113,169,NH,250,15/05/2022,VS_PD,N,,,,,,,,,channel,7,247500,198500,
114,170,NH,250,15/05/2022,VS_PD,N,,,,,,,,,channel,7,247500,198250,
115,171,NM,250,13/05/2022,VS_JH,N,,,,,,,,,channel,7,247500,198000,
116,172,NO,250,14/05/2022,VS_PD,N,,,,,,,,,channel,7,247500,197250,
117,173,SF,250,18/05/2022,AP_RS,Y,0,0,166,200,6,33,0,0,sand,5,247500,196500,66.0000
118,174,SH,250,18/05/2022,AP_RS,N,,,,,,,,,channel,7,247500,196250,
119,175,SH,250,18/05/2022,AP_RS,Y,0,0,0,0,1,3,1,7,sand,5,247500,196000,10.0000
120,176,SI,250,18/05/2022,VS_PD,Y,0,0,0,0,0,0,0,0,sand,5,247500,195750,0.0000
121,177,SG,250,17/05/2022,AP_FF,Y,0,0,0,0,0,0,0,0,sand,5,247500,195500,0.0000
122,182,NE,250,16/05/2022,VS_FF,Y,0,0,13,10,8,29,5,37,sand,5,247750,200500,63.0000
123,183,NE,250,16/05/2022,VS_FF,Y,0,0,1,1,3,14,0,0,sand,5,247750,200250,14.0000
124,184,NI,250,16/05/2022,VS_FF,Y,0,0,29,22,3,36,1,9,sand,5,247750,200000,37.0000
125,185,NF,250,16/05/2022,VS_PD,Y,0,0,171,146,52,139,7,54,sand,5,247750,199750,193.0000
126,186,NF,250,16/05/2022,VS_PD,Y,0,0,0,0,0,0,0,0,sand,5,247750,199500,0.0000
127,187,NG,250,15/05/2022,AP_DD,Y,0,0,3,3,8,32,1,5,sand,5,247750,199250,40.0000
128,188,NG,250,15/05/2022,VS_PD,Y,0,0,3,3,7,26,1,7,sand,5,247750,199000,32.0000
129,189,NH,250,15/05/2022,VS_PD,Y,0,0,0,0,1,4,2,10,sand,5,247750,198750,14.0000
130,190,NH,250,15/05/2022,VS_PD,Y,0,0,5,5,1,5,0,0,sand,5,247750,198500,5.0000
131,191,NM,250,13/05/2022,VS_JH,N,,,,,,,,,channel,7,247750,198000,
132,192,NO,250,14/05/2022,VS_PD,N,,,,,,,,,channel,7,247750,197250,
133,193,NO,250,14/05/2022,VS_PD,N,,,,,,,,,channel,7,247750,197000,
134,194,SH,250,18/05/2022,VS_PD,Y,0,0,40,71,0,0,0,0,sand,5,247750,196250,59.0000
135,195,SH,250,18/05/2022,AP_RS,Y,0,0,0,0,2,10,0,0,sand,5,247750,196000,0.0000
136,196,SI,250,18/05/2022,VS_PD,Y,0,0,0,0,0,0,0,0,sand,5,247750,195750,0.0000
137,197,SJ,250,18/05/2022,VS_PD,Y,0,0,0,0,0,0,0,0,sand,5,247750,195500,0.0000
138,198,SK,250,18/05/2022,AP_RS,Y,0,0,0,0,0,0,0,0,sand,5,247750,195250,0.0000
139,202,NE,250,16/05/2022,VS_FF,Y,0,0,13,12,3,13,0,0,sand,5,248000,200500,13.0000
140,203,NE,250,16/05/2022,VS_FF,Y,0,0,102,79,18,50,0,0,sand,5,248000,200250,50.0000
141,204,NI,250,16/05/2022,VS_FF,Y,0,0,63,46,68,175,1,7,sand,5,248000,200000,183.0000
142,205,NI,250,16/05/2022,VS_PD,Y,0,0,63,64,12,36,2,15,sand,5,248000,199750,51.0000
143,206,NI,250,16/05/2022,VS_PD,Y,0,0,130,91,2,4,19,88,sand,5,248000,199500,92.0000
144,207,NG,250,15/05/2022,AP_DD,Y,0,0,26,20,2,7,5,29,sand,5,248000,199250,37.0000
145,208,NG,250,15/05/2022,VS_PD,Y,0,0,0,0,0,0,0,0,sand,5,248000,199000,0.0000
146,209,NH,250,15/05/2022,VS_PD,Y,0,0,260,239,83,269,9,64,sand,5,248000,198750,334.0000
147,210,NH,250,15/05/2022,VS_PD,Y,0,0,5,10,0,0,0,0,sand,5,248000,198500,0.0000
148,211,NH,250,15/05/2022,VS_PD,N,,,,,,,,,channel,7,248000,198250,
149,212,NM,250,13/05/2022,VS_JH,N,,,,,,,,,channel,7,248000,198000,
150,213,NO,250,14/05/2022,VS_PD,N,,,,,,,,,channel,7,248000,197250,
151,214,NO,250,14/05/2022,VS_PD,N,,,,,,,,,channel,7,248000,197000,
152,215,SH,250,18/05/2022,VS_PD,Y,0,0,72,107,6,37,3,28,sand,5,248000,196250,122.0000
153,216,SH,250,18/05/2022,AP_RS,Y,0,0,3,5,1,4,1,8,sand,5,248000,196000,12.0000
154,217,SI,250,18/05/2022,VS_PD,Y,0,0,0,0,0,0,0,0,sand,5,248000,195750,0.0000
155,218,SJ,250,18/05/2022,VS_PD,Y,0,0,0,0,0,0,0,0,sand,5,248000,195500,0.0000
156,219,SK,250,18/05/2022,AP_RS,Y,0,0,2,1,0,0,0,0,sand,5,248000,195250,0.0000
157,220,SK,250,18/05/2022,AP_RS,Y,0,0,0,0,0,0,0,0,sand,5,248000,195000,0.0000
158,223,NE,250,16/05/2022,VS_FF,Y,0,0,116,84,10,27,5,32,sand,5,248250,200250,59.0000
159,224,NI,250,16/05/2022,VS_FF,Y,0,0,33,24,17,39,1,6,sand,5,248250,200000,45.0000
160,225,NI,250,16/05/2022,VS_PD,Y,0,0,10,10,4,11,4,23,sand,5,248250,199750,35.0000
161,226,NJ,250,15/05/2022,AP_DD,Y,0,0,65,35,19,53,8,34,sand,5,248250,199500,87.0000
162,227,NJ,250,15/05/2022,AP_DD,Y,0,0,192,122,2,5,9,39,sand,5,248250,199250,46.0000
163,228,NG,250,15/05/2022,VS_PD,Y,0,0,110,95,1,3,1,8,sand,5,248250,199000,11.0000
164,229,NH,250,15/05/2022,VS_PD,Y,0,0,169,168,4,14,4,23,sand,5,248250,198750,40.0000
165,230,NL,250,13/05/2022,AP_PD,Y,0,0,191,198,3,14,0,0,sand,5,248250,198500,14.0000
166,231,NL,250,13/05/2022,AP_PD,N,,,,,,,,,channel,7,248250,198250,
167,232,NM,250,13/05/2022,VS_JH,N,,,,,,,,,channel,7,248250,198000,
168,233,NO,250,14/05/2022,VS_PD,N,,,,,,,,,channel,7,248250,197250,
169,234,NO,250,14/05/2022,VS_PD,N,,,,,,,,,channel,7,248250,197000,
170,235,SH,250,18/05/2022,AP_RS,Y,0,0,78,59,3,8,0,0,sand,5,248250,196000,8.0000
171,236,SI,250,18/05/2022,VS_PD,Y,0,0,1,1,0,0,0,0,sand,5,248250,195750,0.0000
172,237,SJ,250,18/05/2022,VS_PD,Y,0,0,0,0,0,0,0,0,sand,5,248250,195500,0.0000
173,238,SK,250,18/05/2022,AP_RS,Y,0,0,0,0,0,0,0,0,sand,5,248250,195250,0.0000
174,239,SK,250,18/05/2022,AP_RS,Y,0,0,0,0,0,0,0,0,sand,5,248250,195000,0.0000
175,242,NE,250,16/05/2022,VS_PD,Y,0,0,98,52,18,39,1,4,sand,5,248500,200250,42.0000
176,243,NI,250,16/05/2022,VS_FF,Y,0,0,28,20,10,28,2,11,sand,5,248500,200000,40.0000
177,244,NI,250,16/05/2022,VS_PD,Y,0,0,7,4,2,4,1,4,sand,5,248500,199750,8.0000
178,245,NJ,250,15/05/2022,AP_DD,Y,0,0,23,15,12,35,4,17,sand,5,248500,199500,52.0000
179,246,NJ,250,15/05/2022,AP_DD,Y,0,0,41,19,1,2,2,7,sand,5,248500,199250,9.0000
180,247,NG,250,15/05/2022,VS_PD,Y,0,0,57,39,1,2,11,41,sand,5,248500,199000,44.0000
181,248,NH,250,15/05/2022,VS_PD,Y,0,0,52,60,1,4,2,12,sand,5,248500,198750,16.0000
182,249,NL,250,13/05/2022,AP_PD,Y,0,0,49,46,5,15,6,33,sand,5,248500,198500,48.0000
183,250,NL,250,13/05/2022,AP_PD,Y,0,0,49,130,0,0,1,10,sand,5,248500,198250,140.0000
184,251,NM,250,13/05/2022,VS_JH,N,,,,,,,,,channel,7,248500,198000,
185,252,NO,250,14/05/2022,VS_PD,N,,,,,,,,,channel,7,248500,197250,
186,253,NO,250,14/05/2022,VS_PD,N,,,,,,,,,channel,7,248500,197000,
187,254,NO,250,14/05/2022,VS_PD,N,,,,,,,,,channel,7,248500,196750,
188,255,SH,250,18/05/2022,AP_RS,Y,0,0,144,137,11,34,29,160,sand,5,248500,196000,194.0000
189,256,SI,250,18/05/2022,VS_PD,Y,0,0,8,8,0,0,1,7,sand,5,248500,195750,7.0000
190,257,SK,250,18/05/2022,AP_RS,Y,0,0,0,0,1,2,0,0,sand,5,248500,195000,0.0000
191,258,SK,250,18/05/2022,AP_RS,Y,0,0,0,0,0,0,0,0,sand,5,248500,194750,0.0000
192,261,NE,250,16/05/2022,VS_PD,Y,0,0,138,133,13,40,1,6,sand,5,248750,200250,48.0000
193,262,NI,250,16/05/2022,VS_FF,Y,0,0,24,17,2,5,0,0,sand,5,248750,200000,5.0000
194,263,NI,250,16/05/2022,VS_PD,Y,0,0,0,0,2,8,0,0,sand,5,248750,199750,8.0000
195,264,NJ,250,15/05/2022,AP_DD,Y,0,0,1,2,0,0,0,0,sand,5,248750,199500,0.0000
196,265,NJ,250,15/05/2022,AP_DD,Y,0,0,1,1,2,5,2,9,sand,5,248750,199250,14.0000
197,266,NK,250,13/05/2022,AP_PD,Y,0,0,54,40,2,5,5,20,sand,5,248750,199000,26.0000
198,267,NK,250,13/05/2022,AP_PD,Y,0,0,11,7,1,3,0,0,sand,5,248750,198750,3.0000
199,268,NL,250,13/05/2022,AP_PD,Y,0,0,56,69,3,17,1,6,sand,5,248750,198500,23.0000
200,269,NM,250,13/05/2022,VS_JH,Y,0,0,0,0,5,29,0,0,sand,5,248750,198000,29.0000
201,270,NP,250,14/05/2022,VS_PD,N,,,,,,,,,channel,7,248750,197250,
202,271,NP,250,14/05/2022,VS_PD,N,,,,,,,,,channel,7,248750,197000,
203,272,NP,250,14/05/2022,VS_PD,N,,,,,,,,,channel,7,248750,196750,
204,273,SH,250,18/05/2022,AP_RS,Y,0,0,39,31,1,3,1,9,sand,5,248750,196000,12.0000
205,274,SI,250,18/05/2022,VS_PD,Y,0,0,11,8,0,0,1,6,sand,5,248750,195750,6.0000
206,275,SK,250,18/05/2022,AP_RS,Y,0,0,0,0,2,8,0,0,sand,5,248750,195000,8.0000
207,276,SK,250,18/05/2022,AP_RS,Y,0,0,0,0,0,0,0,0,sand,5,248750,194750,0.0000
208,278,NE,250,16/05/2022,VS_PD,Y,0,0,34,23,1,2,0,0,sand,5,249000,200250,2.0000
209,279,NJ,250,15/05/2022,AP_DD,Y,0,0,0,0,0,0,0,0,sand,5,249000,199750,0.0000
210,280,NJ,250,15/05/2022,AP_DD,Y,0,0,0,0,0,0,0,0,sand,5,249000,199500,0.0000
211,281,NK,250,13/05/2022,AP_PD,Y,0,0,1,1,0,0,0,0,sand,5,249000,199250,0.0000
212,282,NK,250,13/05/2022,AP_PD,Y,0,0,10,7,1,3,1,3,sand,5,249000,199000,6.0000
213,283,NK,250,13/05/2022,AP_PD,Y,0,0,4,2,0,0,0,0,sand,5,249000,198750,0.0000
214,284,NL,250,13/05/2022,AP_PD,Y,0,0,24,29,0,0,1,9,sand,5,249000,198500,9.0000
215,285,NL,250,13/05/2022,AP_PD,Y,0,0,56,86,8,30,3,19,sand,5,249000,198250,66.0000
216,286,NM,250,13/05/2022,VS_JH,Y,0,0,23,46,26,137,2,16,sand,5,249000,198000,172.0000
217,287,NP,250,14/05/2022,VS_PD,Y,0,0,0,0,0,0,0,0,sand,5,249000,197250,0.0000
218,288,NP,250,14/05/2022,VS_PD,N,,,,,,,,,channel,7,249000,197000,
219,289,NP,250,14/05/2022,VS_PD,N,,,,,,,,,channel,7,249000,196750,
220,290,SH,250,18/05/2022,AP_RS,Y,0,0,144,133,6,22,5,26,sand,5,249000,196000,55.0000
221,291,SI,250,18/05/2022,VS_PD,Y,0,0,42,27,3,8,10,52,sand,5,249000,195750,58.0000
222,292,SJ,250,18/05/2022,VS_PD,Y,0,0,0,0,1,1,0,0,sand,5,249000,195500,0.0000
223,293,SJ,250,18/05/2022,AP_RS,Y,0,0,0,0,0,0,0,0,sand,5,249000,195250,0.0000
224,294,SL,250,12/05/2022,VS_AP,Y,0,0,0,0,0,0,0,0,sand,5,249000,195000,0.0000
225,298,NJ,250,15/05/2022,AP_DD,Y,0,0,0,0,0,0,0,0,sand,5,249225,199475,0.0000
226,299,NI,250,16/05/2022,VS_FF,Y,0,0,0,0,0,0,0,0,mud,2,249250,200000,0.0000
227,300,NJ,250,15/05/2022,AP_DD,Y,0,0,25,27,13,48,4,24,sand,5,249250,199750,73.0000
228,301,NK,250,13/05/2022,AP_PD,Y,0,0,0,0,1,3,0,0,sand,5,249250,199250,0.0000
229,302,NK,250,13/05/2022,AP_PD,Y,0,0,18,8,3,6,2,5,sand,5,249250,199000,11.0000
230,303,NK,250,13/05/2022,AP_PD,Y,0,0,2,1,0,0,0,0,sand,5,249250,198750,0.0000
231,304,NL,250,13/05/2022,AP_PD,Y,0,0,10,7,0,0,2,9,sand,5,249250,198500,9.0000
232,305,NL,250,13/05/2022,AP_PD,Y,0,0,79,78,9,40,1,8,sand,5,249250,198250,48.0000
233,306,NM,250,13/05/2022,VS_JH,Y,0,0,14,14,2,7,0,0,sand,5,249250,198000,11.0000
234,307,NM,250,13/05/2022,VS_JH,N,,,,,,,,,channel,7,249250,197750,
235,308,NP,250,14/05/2022,VS_PD,Y,0,0,63,144,64,360,2,18,sand,5,249250,197250,378.0000
236,309,NP,250,14/05/2022,VS_PD,N,,,,,,,,,channel,7,249250,197000,
237,310,NP,250,14/05/2022,VS_PD,N,,,,,,,,,channel,7,249250,196750,
238,311,SM,250,12/05/2022,VS_AP,Y,0,0,205,210,92,266,0,0,muddy_sand,3,249250,196000,266.0000
239,312,SI,250,18/05/2022,VS_PD,Y,0,0,15,9,1,2,2,11,sand,5,249250,195750,13.0000
240,313,SN,250,12/05/2022,VS_AP,Y,0,0,1,1,1,4,0,0,sand,5,249250,195500,4.0000
241,314,SJ,250,18/05/2022,AP_RS,Y,0,0,0,0,0,0,0,0,sand,5,249250,195250,0.0000
242,315,SL,250,12/05/2022,VS_AP,Y,0,0,0,0,0,0,0,0,sand,5,249250,195000,0.0000
243,316,SL,250,12/05/2022,VS_AP,Y,0,0,0,0,0,0,0,0,sand,5,249250,194750,0.0000
244,317,NJ,250,15/05/2022,AP_DD,Y,0,0,0,0,0,0,0,0,sand,5,249500,199500,0.0000
245,318,NK,250,13/05/2022,AP_PD,Y,0,0,26,22,4,13,0,0,sand,5,249500,199250,13.0000
246,319,NK,250,13/05/2022,AP_PD,Y,0,0,26,16,5,11,0,0,sand,5,249500,199000,11.0000
247,320,NL,250,13/05/2022,VS_JH,Y,0,0,238,214,5,15,33,146,sand,5,249500,198250,169.0000
248,321,NM,250,13/05/2022,VS_JH,Y,0,0,11,18,4,17,0,0,sand,5,249500,198000,30.0000
249,322,NN,250,13/05/2022,VS_JH,Y,0,0,11,35,2,16,0,0,sand,5,249500,197750,33.0000
250,323,NN,250,13/05/2022,VS_JH,N,,,,,,,,,channel,7,249500,197500,
251,324,NQ,250,14/05/2022,VS_PD,N,,,,,,,,,channel,7,249500,197000,
252,325,NP,250,14/05/2022,VS_PD,N,,,,,,,,,channel,7,249500,196750,
253,326,SM,250,12/05/2022,VS_AP,Y,0,0,29,72,2,12,0,0,sand,5,249500,196250,49.0000
254,327,SM,250,12/05/2022,VS_AP,Y,0,0,57,80,2,7,0,0,muddy_sand,3,249500,196000,71.0000
255,328,SI,250,18/05/2022,VS_PD,Y,0,0,69,73,7,19,2,12,sand,5,249500,195750,31.0000
256,329,SN,250,12/05/2022,VS_AP,Y,0,0,5,2,0,0,0,0,sand,5,249500,195500,0.0000
257,330,SN,250,12/05/2022,VS_AP,Y,0,0,0,0,0,0,0,0,sand,5,249500,195250,0.0000
258,331,SL,250,12/05/2022,VS_AP,Y,0,0,0,0,0,0,0,0,sand,5,249500,195000,0.0000
259,332,SL,250,12/05/2022,VS_AP,Y,0,0,0,0,0,0,0,0,sand,5,249500,194750,0.0000
260,333,NN,250,13/05/2022,VS_JH,Y,0,0,3,4,0,0,0,0,sand,5,249750,198500,0.0000
261,334,NN,250,13/05/2022,VS_JH,Y,0,0,11,10,1,3,0,0,sand,5,249750,198000,3.0000
262,335,NN,250,13/05/2022,VS_JH,Y,0,0,31,32,0,0,1,4,sand,5,249750,197750,14.0000
263,336,NN,250,13/05/2022,VS_JH,N,,,,,,,,,channel,7,249750,197500,
264,337,NQ,250,14/05/2022,VS_PD,Y,0,0,0,0,3,30,0,0,sand,5,249750,197250,30.0000
265,338,NQ,250,14/05/2022,VS_PD,Y,0,0,0,0,1,6,0,0,sand,5,249750,197000,6.0000
266,339,NQ,250,14/05/2022,VS_PD,N,,,,,,,,,channel,7,249750,196750,
267,340,SM,250,12/05/2022,VS_AP,N,,,,,,,,,channel,7,249750,196250,
268,341,SM,250,12/05/2022,VS_AP,Y,0,0,305,277,15,58,10,69,sand,5,249750,196000,128.0000
269,342,SI,250,18/05/2022,VS_PD,Y,0,0,137,114,2,7,8,46,sand,5,249750,195750,55.0000
270,343,SN,250,12/05/2022,VS_AP,Y,0,0,0,0,0,0,0,0,sand,5,249750,195500,0.0000
271,344,NN,250,13/05/2022,VS_JH,Y,0,0,15,14,3,11,2,20,sand,5,250000,198250,31.0000
272,345,NN,250,13/05/2022,VS_JH,Y,0,0,1,1,0,0,0,0,sand,5,250000,198000,0.0000
273,346,NN,250,13/05/2022,VS_JH,Y,0,0,0,0,0,0,0,0,sand,5,250000,197750,0.0000
274,347,NR,250,14/05/2022,VS_PD,Y,0,0,3,4,0,0,0,0,sand,5,250000,197500,0.0000
275,348,NQ,250,14/05/2022,VS_PD,Y,0,0,1,3,0,0,2,16,sand,5,250000,197250,19.0000
276,349,NQ,250,14/05/2022,VS_PD,Y,0,0,6,20,11,80,0,0,sand,5,250000,197000,100.0000
277,350,NQ,250,14/05/2022,VS_PD,N,,,,,,,,,channel,7,250000,196750,
278,351,SM,250,12/05/2022,VS_AP,Y,0,0,72,125,7,31,0,0,muddy_sand,3,250000,196000,51.0000
279,352,SM,250,12/05/2022,VS_AP,Y,0,0,8,10,0,0,0,0,muddy_sand,3,250000,195750,8.0000
280,353,SN,250,12/05/2022,VS_AP,Y,0,0,48,54,7,26,0,0,muddy_sand,3,250000,195500,33.0000
281,354,NN,250,13/05/2022,VS_JH,Y,0,0,3,2,0,0,0,0,sand,5,250250,198000,0.0000
282,355,NN,250,13/05/2022,VS_JH,Y,0,0,13,5,0,0,0,0,sand,5,250250,197750,0.0000
283,356,NR,250,14/05/2022,VS_PD,Y,0,0,15,9,2,5,0,0,sand,5,250250,197500,5.0000
284,357,NR,250,14/05/2022,VS_PD,Y,0,0,3,8,0,0,0,0,sand,5,250250,197250,4.0000
285,358,NQ,250,14/05/2022,VS_PD,Y,0,0,3,8,6,41,0,0,sand,5,250250,196750,49.0000
286,359,SO,250,12/05/2022,VS_AP,N,,,,,,,,,channel,7,250250,196250,
287,360,SM,250,12/05/2022,VS_AP,Y,0,0,190,433,2,17,2,14,muddy_sand,3,250250,196000,460.0000
288,361,SM,250,12/05/2022,VS_AP,Y,0,0,88,164,1,2,6,36,sand,5,250250,195750,38.0000
289,362,SN,250,12/05/2022,VS_AP,Y,0,0,0,0,0,0,0,0,sand,5,250250,195500,0.0000
290,364,NN,250,13/05/2022,VS_JH,Y,0,0,0,0,0,0,0,0,sand,5,250500,197750,0.0000
291,365,NR,250,14/05/2022,VS_PD,Y,0,0,17,10,4,10,0,0,sand,5,250500,197500,10.0000
292,366,NR,250,14/05/2022,VS_PD,Y,0,0,24,25,1,7,0,0,sand,5,250500,197250,7.0000
293,367,NR,250,14/05/2022,VS_PD,N,,,,,,,,,channel,7,250500,197000,
294,368,SO,250,12/05/2022,RS_PD,N,,,,,,,,,channel,7,250500,196250,
295,369,SO,250,12/05/2022,VS_AP,Y,0,0,265,600,47,317,0,0,sand,5,250500,196000,317.0000
296,370,SM,250,12/05/2022,RS_PD,Y,0,0,29,16,0,0,2,9,sand,5,250500,195750,9.0000
297,371,SN,250,12/05/2022,RS_PD,Y,0,0,34,25,0,0,0,0,sand,5,250500,195500,0.0000
298,372,SN,250,12/05/2022,RS_PD,Y,0,0,0,0,0,0,0,0,sand,5,250500,195250,0.0000
299,373,NR,250,14/05/2022,VS_PD,Y,0,0,3,2,0,0,0,0,sand,5,250750,197500,0.0000
300,374,NR,250,14/05/2022,VS_PD,Y,0,0,144,86,3,8,2,10,sand,5,250750,197250,18.0000
301,375,NR,250,14/05/2022,VS_PD,Y,0,0,4,12,0,0,0,0,sand,5,250750,197000,0.0000
302,376,SO,250,12/05/2022,RS_PD,Y,0,0,2,5,0,0,0,0,sand,5,250750,196250,0.0000
303,377,SO,250,12/05/2022,RS_PD,Y,0,0,20,37,4,16,0,0,muddy_sand,3,250750,196000,32.0000
304,378,SP,250,12/05/2022,RS_PD,Y,0,0,94,63,1,4,1,6,sand,5,250750,195750,10.0000
305,379,SP,250,12/05/2022,RS_PD,Y,0,0,3,1,0,0,0,0,sand,5,250750,195500,0.0000
306,380,SP,250,12/05/2022,RS_PD,Y,0,0,0,0,0,0,0,0,sand,5,250750,195250,0.0000
307,381,NR,250,14/05/2022,VS_PD,Y,0,0,0,0,0,0,0,0,sand,5,251000,197250,0.0000
308,382,NR,250,14/05/2022,VS_PD,Y,0,0,0,0,0,0,0,0,sand,5,251000,197000,0.0000
309,383,SO,250,12/05/2022,RS_PD,Y,0,0,6,23,6,50,0,0,sand,5,251000,196250,73.0000
310,384,SO,250,12/05/2022,RS_PD,Y,0,0,1,1,0,0,0,0,muddy_sand,3,251000,196000,0.0000
311,385,SP,250,12/05/2022,RS_PD,Y,0,0,108,69,1,5,2,8,sand,5,251000,195750,19.0000
312,386,SP,250,12/05/2022,RS_PD,Y,0,0,7,4,0,0,0,0,sand,5,251000,195500,0.0000
313,387,SP,250,12/05/2022,RS_PD,Y,0,0,1,1,0,0,0,0,sand,5,251000,195250,0.0000
314,388,NS,250,14/05/2022,AP_DD,Y,0,0,0,0,0,0,0,0,sand,5,251250,197250,0.0000
315,389,NS,250,14/05/2022,AP_DD,Y,0,0,11,9,0,0,0,0,sand,5,251250,197000,0.0000
316,390,SO,250,12/05/2022,VS_AP,Y,0,0,0,0,1,8,0,0,sand,5,251250,196250,8.0000
317,391,SO,250,12/05/2022,RS_PD,Y,0,0,20,32,0,0,0,0,muddy_sand,3,251250,196000,11.0000
318,392,SP,250,12/05/2022,RS_PD,Y,0,0,30,18,1,3,1,4,sand,5,251250,195750,9.0000
319,393,SP,250,12/05/2022,RS_PD,Y,0,0,1,1,0,0,0,0,sand,5,251250,195500,0.0000
320,394,NS,250,14/05/2022,AP_DD,Y,0,0,2,1,0,0,0,0,sand,5,251500,197250,0.0000
321,395,SO,250,12/05/2022,RS_PD,Y,0,0,9,8,0,0,0,0,sand,5,251500,196000,0.0000
322,396,SP,250,12/05/2022,RS_PD,Y,0,0,30,13,0,0,8,25,sand,5,251500,195750,25.0000
323,398,NS,250,14/05/2022,AP_DD,Y,0,0,0,0,0,0,0,0,sand,5,251750,197250,0.0000
324,399,NS,250,14/05/2022,AP_DD,Y,0,0,206,175,1,4,4,15,sand,5,251750,197000,19.0000
325,400,SO,250,12/05/2022,RS_PD,Y,0,0,1,3,0,0,0,0,sand,5,251750,196000,3.0000
326,401,SP,250,12/05/2022,RS_PD,Y,0,0,31,21,2,7,0,0,sand,5,251750,195750,7.0000
327,402,SP,250,12/05/2022,RS_PD,Y,0,0,0,0,0,0,0,0,muddy_sand,3,251750,195500,0.0000
328,404,NS,250,14/05/2022,AP_DD,Y,0,0,84,41,0,0,3,9,sand,5,252000,197250,9.0000
329,406,SO,250,12/05/2022,RS_PD,Y,0,0,4,7,6,27,0,0,sand,5,252000,196000,29.0000
330,407,NS,250,14/05/2022,AP_DD,Y,0,0,65,56,4,11,9,35,sand,5,252250,197250,46.0000
331,409,NS,250,14/05/2022,AP_DD,Y,0,0,9,9,1,5,0,0,sand,5,252500,197250,5.0000
332,410,SQ,250,10/05/2022,AP_RG,Y,0,0,3,8,0,0,0,0,sand,5,252500,196250,7.0000
333,412,NS,250,14/05/2022,AP_DD,Y,0,0,15,15,2,9,1,8,sand,5,252750,197250,18.0000
334,413,NS,250,14/05/2022,AP_DD,Y,0,0,0,0,0,0,0,0,sand,5,252750,196750,0.0000
335,414,SQ,250,10/05/2022,AP_RG,N,,,,,,,,,channel,7,252750,196500,
336,415,SQ,250,10/05/2022,AP_RG,Y,0,0,3,6,1,7,0,0,sand,5,252750,196250,11.0000
337,417,NS,250,14/05/2022,AP_DD,Y,0,0,17,29,4,18,2,15,sand,5,253000,197250,46.0000
338,418,SQ,250,10/05/2022,AP_RG,N,,,,,,,,,channel,7,253000,196750,
339,419,SQ,250,10/05/2022,AP_RG,N,,,,,,,,,channel,7,253000,196500,
340,420,SQ,250,10/05/2022,AP_RG,Y,0,0,0,0,0,0,0,0,sand,5,253000,196250,0.0000
341,422,NS,250,14/05/2022,AP_DD,Y,0,0,7,22,0,0,0,0,sand,5,253250,197000,0.0000
342,423,SQ,250,10/05/2022,AP_RG,N,,,,,,,,,channel,7,253250,196750,
343,424,SQ,250,10/05/2022,AP_RG,N,,,,,,,,,channel,7,253250,196500,
344,425,SQ,250,10/05/2022,AP_RG,Y,0,0,0,0,0,0,0,0,sand,5,253250,196250,0.0000
345,426,NS,250,14/05/2022,AP_DD,Y,0,0,0,0,0,0,0,0,sand,5,253500,197000,0.0000
346,427,SR,250,10/05/2022,AP_RG,N,,,,,,,,,channel,7,253500,196750,
347,428,SR,250,10/05/2022,AP_RG,Y,0,0,0,0,0,0,0,0,sand,5,253500,196500,0.0000
348,429,SR,250,10/05/2022,AP_RG,N,,,,,,,,,channel,7,253750,197000,
349,430,SR,250,10/05/2022,AP_RG,Y,0,0,0,0,0,0,0,0,sand,5,253750,196750,0.0000
350,431,SR,250,10/05/2022,AP_RG,N,,,,,,,,,channel,7,254000,197250,
351,432,SR,250,10/05/2022,AP_RG,N,,,,,,,,,channel,7,254000,197000,
352,433,SR,250,10/05/2022,AP_RG,Y,0,0,0,0,0,0,0,0,sand,5,254000,196750,0.0000
353,434,SR,250,10/05/2022,AP_RG,N,,,,,,,,,channel,7,254250,197250,
354,435,SR,250,10/05/2022,AP_RG,N,,,,,,,,,channel,7,254250,197000,
355,436,SR,250,10/05/2022,AP_RG,N,,,,,,,,,channel,7,254500,197250,
356,445,NF,250,16/05/2022,VS_PD,Y,0,0,0,0,5,28,0,0,sand,5,247000,200000,28.0000
357,446,NF,250,16/05/2022,VS_PD,Y,0,0,0,0,0,0,0,0,sand,5,247000,199750,0.0000
358,447,NC,250,16/05/2022,VS_PD,Y,0,0,0,0,0,0,0,0,sand,5,247000,199500,0.0000
359,448,NC,250,16/05/2022,VS_PD,Y,0,0,0,0,0,0,0,0,sand,5,247000,199250,0.0000
360,449,NH,250,15/05/2022,VS_PD,Y,0,0,0,0,0,0,0,0,sand,5,247250,198750,0.0000
361,450,NH,250,15/05/2022,VS_PD,N,,,,,,,,,channel,7,247750,198250,
362,451,NI,250,16/05/2022,VS_FF,Y,0,0,1,1,1,3,0,0,sand,5,249000,200000,3.0000
363,452,NK,250,13/05/2022,AP_PD,Y,0,0,14,11,8,20,4,14,sand,5,249500,198750,39.0000
364,453,NL,250,13/05/2022,AP_PD,Y,0,0,34,30,1,3,6,24,sand,5,249500,198500,27.0000
365,454,NN,250,13/05/2022,VS_JH,Y,0,0,39,28,1,2,0,0,sand,5,249750,198250,2.0000
366,455,NL,250,13/05/2022,AP_PD,Y,0,0,59,94,13,61,4,29,sand,5,248750,198250,91.0000
367,458,NQ,250,14/05/2022,VS_PD,Y,0,0,0,0,2,13,0,0,sand,5,249500,197250,13.0000
368,459,NS,250,14/05/2022,AP_DD,Y,0,0,232,159,1,3,2,8,sand,5,251500,197000,11.0000
369,460,NQ,250,14/05/2022,VS_PD,Y,0,0,0,0,0,0,0,0,sand,5,250500,196750,0.0000
370,461,NR,250,14/05/2022,VS_PD,N,,,,,,,,,channel,7,250750,196750,
371,462,NR,250,14/05/2022,VS_PD,N,,,,,,,,,channel,7,251000,196750,
372,463,NS,250,14/05/2022,AP_DD,N,,,,,,,,,channel,7,251250,196750,
373,464,NS,250,14/05/2022,AP_DD,N,,,,,,,,,channel,7,251500,196750,
374,469,SC,250,17/05/2022,VS_PD,Y,0,0,0,0,0,0,0,0,sand,5,246000,196000,0.0000
375,470,SJ,250,18/05/2022,VS_PD,Y,0,0,8,6,1,3,0,0,sand,5,248500,195500,3.0000
376,471,SJ,250,18/05/2022,VS_PD,Y,0,0,0,0,0,0,1,5,sand,5,248750,195500,5.0000
377,472,SJ,250,18/05/2022,AP_RS,Y,0,0,3,1,0,0,0,0,sand,5,248500,195250,0.0000
378,473,SJ,250,18/05/2022,AP_RS,Y,0,0,0,0,0,0,0,0,sand,5,248750,195250,0.0000
379,474,SL,250,12/05/2022,VS_AP,N,,,,,,,,,saltmarsh,1,249000,194750,
380,475,SN,250,12/05/2022,VS_AP,Y,0,0,285,204,1,6,0,0,muddy_sand,3,249750,195250,6.0000
381,476,SN,250,12/05/2022,VS_AP,Y,0,0,0,0,0,0,0,0,sand,5,250000,195250,0.0000
382,477,SN,250,12/05/2022,VS_AP,Y,0,0,0,0,0,0,0,0,sand,5,250250,195250,0.0000
383,478,SP,250,12/05/2022,RS_PD,Y,0,0,0,0,1,3,0,0,muddy_sand,3,251500,195500,3.0000
384,479,SM,250,12/05/2022,VS_AP,N,,,,,,,,,channel,7,250000,196250,
385,480,SQ,250,10/05/2022,AP_RG,Y,0,0,2,5,0,0,0,0,sand,5,252250,196250,5.0000
386,481,SQ,250,10/05/2022,AP_RG,N,,,,,,,,,channel,7,252500,196500,
387,482,NQ,250,14/05/2022,VS_PD,Y,0,0,1,2,0,0,0,0,sand,5,250250,197000,0.0000
388,483,SL,250,12/05/2022,VS_AP,N,,,,,,,,,saltmarsh,1,249500,194500,
389,484,SL,250,12/05/2022,VS_AP,Y,0,0,1,1,0,0,0,0,sand,5,249750,195000,0.0000
390,485,SL,250,12/05/2022,VS_AP,N,,,,,,,,,saltmarsh,1,249750,194750,
391,486,SL,250,12/05/2022,VS_AP,N,,,,,,,,,saltmarsh,1,249750,194500,
392,487,SL,250,12/05/2022,VS_AP,Y,0,0,0,0,0,0,0,0,sand,5,250000,195000,0.0000
393,488,SL,250,12/05/2022,VS_AP,Y,0,0,0,0,0,0,0,0,muddy_sand,3,250000,194750,0.0000
394,1400,NS,250,14/05/2022,AP_DD,N,,,,,,,,,channel,7,251750,196750,
395,1405,NS,250,14/05/2022,AP_DD,Y,0,0,16,10,0,0,0,0,sand,5,252000,197000,0.0000
396,1406,NS,250,14/05/2022,AP_DD,Y,0,0,0,0,0,0,0,0,sand,5,252000,196750,0.0000
397,1408,NS,250,14/05/2022,AP_DD,Y,0,0,61,69,2,10,0,0,sand,5,252250,197000,10.0000
398,1409,NS,250,14/05/2022,AP_DD,Y,0,0,0,0,0,0,0,0,sand,5,252250,196750,0.0000
399,1410,NS,250,14/05/2022,AP_DD,Y,0,0,9,9,0,0,0,0,sand,5,252500,197000,0.0000
400,1411,NS,250,14/05/2022,AP_DD,Y,0,0,0,0,0,0,0,0,sand,5,252500,196750,0.0000
401,1413,NS,250,14/05/2022,AP_DD,Y,0,0,20,40,0,0,5,42,sand,5,252750,197000,78.0000
402,1420,NS,250,14/05/2022,AP_DD,Y,0,0,3,5,1,6,0,0,sand,5,253000,197000,6.0000
403,a1,ZN,100,11/05/2022,VS_AP,Y,0,0,0,0,1,4,0,0,sand,5,247700,199300,0.0000
404,a2,ZN,100,11/05/2022,VS_AP,Y,0,0,0,0,1,5,0,0,sand,5,247800,199300,5.0000
405,a3,ZN,100,11/05/2022,VS_AP,Y,0,0,6,3,0,0,1,9,sand,5,247900,199300,9.0000
406,a4,ZN,100,11/05/2022,VS_AP,Y,0,0,65,51,34,89,25,133,sand,5,248000,199300,217.0000
407,a5,ZN,100,11/05/2022,RG_RD,Y,0,0,136,108,5,13,12,53,sand,5,248100,199300,66.0000
408,a6,ZN,100,11/05/2022,RG_RD,Y,0,0,164,98,35,123,9,52,muddy_sand,3,248200,199300,182.0000
409,a7,ZN,100,11/05/2022,RG_RD,Y,0,0,228,117,8,15,6,36,muddy_sand,3,248300,199300,52.0000
410,b1,ZN,100,11/05/2022,VS_AP,Y,0,0,0,0,5,21,0,0,sand,5,247700,199200,21.0000
411,b2,ZN,100,11/05/2022,VS_AP,Y,0,0,3,4,3,13,2,13,sand,5,247800,199200,26.0000
412,b3,ZN,100,11/05/2022,VS_AP,Y,0,0,0,0,0,0,0,0,sand,5,247900,199200,0.0000
413,b4,ZN,100,11/05/2022,VS_AP,Y,0,0,7,5,3,9,0,0,sand,5,248000,199200,9.0000
414,b5,ZN,100,11/05/2022,RG_RD,Y,0,0,39,34,14,53,1,8,sand,5,248100,199200,61.0000
415,b6,ZN,100,11/05/2022,RG_RD,Y,0,0,280,209,15,48,10,47,muddy_sand,3,248200,199200,97.0000
416,b7,ZN,100,11/05/2022,RG_RD,Y,0,0,74,51,14,37,12,58,muddy_sand,3,248300,199200,95.0000
417,c1,ZN,100,11/05/2022,VS_AP,Y,0,0,0,0,3,14,0,0,sand,5,247700,199100,14.0000
418,c2,ZN,100,11/05/2022,VS_AP,Y,0,0,4,5,0,0,0,0,sand,5,247800,199100,0.0000
419,c3,ZN,100,11/05/2022,VS_AP,Y,0,0,0,0,0,0,0,0,sand,5,247900,199100,0.0000
420,c4,ZN,100,11/05/2022,VS_AP,Y,0,0,0,0,0,0,0,0,sand,5,248000,199100,0.0000
421,c5,ZN,100,11/05/2022,RG_RD,Y,0,0,7,10,9,25,7,37,sand,5,248100,199100,62.0000
422,c6,ZN,100,11/05/2022,RG_RD,Y,0,0,178,159,5,20,18,90,sand,5,248200,199100,112.0000
423,c7,ZN,100,11/05/2022,RG_RD,Y,0,0,255,172,21,67,7,38,sand,5,248300,199100,106.0000
424,d1,ZN,100,11/05/2022,VS_AP,Y,0,0,1,1,5,22,0,0,sand,5,247700,199000,22.0000
425,d2,ZN,100,11/05/2022,VS_AP,Y,0,0,8,6,0,0,0,0,sand,5,247800,199000,0.0000
426,d3,ZN,100,11/05/2022,VS_AP,Y,0,0,0,0,0,0,0,0,sand,5,247900,199000,0.0000
427,d4,ZN,100,11/05/2022,VS_AP,Y,0,0,0,0,1,2,0,0,sand,5,248000,199000,2.0000
428,d5,ZN,100,11/05/2022,RG_RD,Y,0,0,95,61,17,47,8,45,sand,5,248100,199000,92.0000
429,d6,ZN,100,11/05/2022,RG_RD,Y,0,0,29,29,4,18,2,9,sand,5,248200,199000,27.0000
430,d7,ZN,100,11/05/2022,RG_RD,Y,0,0,133,122,12,45,3,18,sand,5,248300,199000,64.0000
431,e1,ZN,100,11/05/2022,VS_AP,Y,0,0,1,1,9,45,0,0,sand,5,247700,198900,45.0000
432,e2,ZN,100,11/05/2022,VS_AP,Y,0,0,4,5,2,9,0,0,sand,5,247800,198900,9.0000
433,e3,ZN,100,11/05/2022,VS_AP,Y,0,0,0,0,0,0,0,0,sand,5,247900,198900,0.0000
434,e4,ZN,100,11/05/2022,VS_AP,Y,0,0,71,65,10,44,4,25,sand,5,248000,198900,69.0000
435,e5,ZN,100,11/05/2022,RG_RD,Y,0,0,72,72,11,37,2,11,sand,5,248100,198900,49.0000
436,e6,ZN,100,11/05/2022,RG_RD,Y,0,0,14,9,0,0,0,0,muddy_sand,3,248200,198900,0.0000
437,e7,ZN,100,11/05/2022,RG_RD,Y,0,0,130,147,6,17,3,12,sand,5,248300,198900,29.0000
438,f1,ZN,100,11/05/2022,VS_AP,Y,0,0,0,0,0,0,0,0,sand,5,247700,198800,0.0000
439,f2,ZN,100,11/05/2022,VS_AP,Y,0,0,0,0,0,0,0,0,sand,5,247800,198800,0.0000
440,f3,ZN,100,11/05/2022,VS_AP,Y,0,0,7,8,1,5,1,6,sand,5,247900,198800,11.0000
441,f4,ZN,100,11/05/2022,VS_AP,Y,0,0,340,289,63,237,7,55,sand,5,248000,198800,295.0000
442,f5,ZN,100,11/05/2022,RG_RD,Y,0,0,56,58,27,98,1,7,sand,5,248100,198800,107.0000
443,f6,ZN,100,11/05/2022,RG_RD,Y,0,0,360,304,4,14,0,0,sand,5,248200,198800,14.0000
444,f7,ZN,100,11/05/2022,RG_RD,Y,0,0,160,164,4,11,4,22,muddy_sand,3,248300,198800,33.0000
445,g1,ZN,100,11/05/2022,VS_AP,Y,0,0,4,6,17,63,0,0,sand,5,247700,198700,67.0000
446,g2,ZN,100,11/05/2022,VS_AP,Y,0,0,23,29,35,133,1,7,sand,5,247800,198700,146.0000
447,g3,ZN,100,11/05/2022,VS_AP,Y,0,0,236,272,38,144,8,50,sand,5,247900,198700,240.0000
448,g4,ZN,100,11/05/2022,VS_AP,Y,0,0,146,185,62,257,6,52,sand,5,248000,198700,322.0000
449,g5,ZN,100,11/05/2022,RG_RD,Y,0,0,59,67,11,35,1,5,sand,5,248100,198700,42.0000
450,g6,ZN,100,11/05/2022,RG_RD,Y,0,0,65,65,9,30,1,8,sand,5,248200,198700,38.0000
451,g7,ZN,100,11/05/2022,RG_RD,Y,0,0,128,144,7,29,5,34,sand,5,248300,198700,62.0000
452,h1,ZS,100,10/05/2022,VS,Y,0,0,1,2,0,0,0,0,sand,5,251200,196050,0.0000
453,h2,ZS,100,10/05/2022,VS,Y,0,0,1,2,0,0,0,0,sand,5,251300,196050,0.0000
454,h3,ZS,100,10/05/2022,AP_RG,Y,0,0,29,53,0,0,0,0,muddy_sand,3,251400,196050,51.0000
455,h4,ZS,100,10/05/2022,AP_RG,Y,0,0,6,5,0,0,0,0,sand,5,251500,196050,0.0000
456,h5,ZS,100,10/05/2022,AP_RG,Y,0,0,42,96,19,122,0,0,muddy_sand,3,251600,196050,204.0000
457,h6,ZS,100,10/05/2022,AP_RG,Y,0,0,5,6,0,0,4,11,sand,5,251700,196050,11.0000
458,h7,ZS,100,10/05/2022,AP_RG,Y,0,0,7,12,0,0,0,0,sand,5,251800,196050,0.0000
459,i1,ZS,100,10/05/2022,VS,Y,0,0,31,19,1,4,1,8,sand,5,251200,195950,12.0000
460,i2,ZS,100,10/05/2022,VS,Y,0,0,17,11,0,0,1,6,sand,5,251300,195950,6.0000
461,i3,ZS,100,10/05/2022,VS,Y,0,0,12,8,0,0,0,0,sand,5,251400,195950,2.0000
462,i4,ZS,100,10/05/2022,AP_RG,Y,0,0,55,52,2,9,5,35,sand,5,251500,195950,40.0000
463,i5,ZS,100,10/05/2022,AP_RG,Y,0,0,8,6,0,0,1,6,sand,5,251600,195950,6.0000
464,i6,ZS,100,10/05/2022,AP_RG,Y,0,0,11,9,0,0,0,0,sand,5,251700,195950,5.0000
465,i7,ZS,100,10/05/2022,AP_RG,Y,0,0,1,1,0,0,0,0,sand,5,251800,195950,0.0000
466,j1,ZS,100,10/05/2022,VS,Y,0,0,40,22,2,6,0,0,sand,5,251200,195850,6.0000
467,j2,ZS,100,10/05/2022,VS,Y,0,0,20,9,1,6,0,0,sand,5,251300,195850,6.0000
468,j3,ZS,100,10/05/2022,VS,Y,0,0,6,3,1,4,2,10,sand,5,251400,195850,13.0000
469,j4,ZS,100,10/05/2022,AP_RG,Y,0,0,104,57,31,105,0,0,muddy_sand,3,251500,195850,105.0000
470,j5,ZS,100,10/05/2022,AP_RG,Y,0,0,67,42,11,37,3,4,muddy_sand,3,251600,195850,51.0000
471,j6,ZS,100,10/05/2022,AP_RG,Y,0,0,7,7,0,0,3,19,sand,5,251700,195850,0.0000
472,j7,ZS,100,10/05/2022,AP_RG,Y,0,0,52,40,5,14,1,6,sand,5,251800,195850,21.0000
473,k1,ZS,100,10/05/2022,VS,Y,0,0,28,13,1,5,0,0,sand,5,251200,195750,7.0000
474,k2,ZS,100,10/05/2022,VS,Y,0,0,10,4,0,0,0,0,sand,5,251300,195750,0.0000
475,k3,ZS,100,10/05/2022,VS,Y,0,0,59,31,0,0,13,49,sand,5,251400,195750,51.0000
476,k4,ZS,100,10/05/2022,AP_RG,Y,0,0,28,13,1,2,3,12,muddy_sand,3,251500,195750,17.0000
477,k5,ZS,100,10/05/2022,AP_RG,Y,0,0,53,27,3,8,21,66,muddy_sand,3,251600,195750,71.0000
478,k6,ZS,100,10/05/2022,AP_RG,Y,0,0,11,5,0,0,4,13,sand,5,251700,195750,13.0000
479,k7,ZS,100,10/05/2022,AP_RG,Y,0,0,15,15,0,0,0,0,sand,5,251800,195750,0.0000
480,l1,ZS,100,10/05/2022,VS,Y,0,0,14,8,2,5,0,0,sand,5,251200,195650,5.0000
481,l2,ZS,100,10/05/2022,VS,Y,0,0,10,4,2,5,0,0,sand,5,251300,195650,5.0000
482,l3,ZS,100,10/05/2022,VS,Y,0,0,0,0,0,0,0,0,sand,5,251400,195650,0.0000
483,l4,ZS,100,10/05/2022,AP_RG,Y,0,0,1,1,0,0,2,10,muddy_sand,3,251500,195650,10.0000
484,l5,ZS,100,10/05/2022,AP_RG,Y,0,0,3,2,2,8,0,0,sand,5,251600,195650,0.0000
485,l6,ZS,100,10/05/2022,AP_RG,Y,0,0,14,15,2,7,0,0,sand,5,251700,195650,15.0000
486,l7,ZS,100,10/05/2022,AP_RG,Y,0,0,0,0,0,0,0,0,sand,5,251800,195650,0.0000
487,m1,ZS,100,10/05/2022,VS,Y,0,0,2,2,1,3,0,0,sand,5,251200,195550,3.0000
488,m2,ZS,100,10/05/2022,VS,Y,0,0,0,0,0,0,0,0,sand,5,251300,195550,0.0000
489,m3,ZS,100,10/05/2022,VS,Y,0,0,1,1,0,0,0,0,sand,5,251400,195550,0.0000
490,m4,ZS,100,10/05/2022,AP_RG,Y,0,0,0,0,0,0,0,0,muddy_sand,3,251500,195550,0.0000
491,m5,ZS,100,10/05/2022,AP_RG,Y,0,0,0,0,0,0,0,0,muddy_sand,3,251600,195550,0.0000
492,m6,ZS,100,10/05/2022,AP_RG,Y,0,0,0,0,0,0,0,0,muddy_sand,3,251700,195550,0.0000
493,m7,ZS,100,10/05/2022,AP_RG,Y,0,0,0,0,0,0,0,0,muddy_sand,3,251800,195550,0.0000
494,n1,ZS,100,10/05/2022,VS,Y,0,0,0,0,1,4,0,0,sand,5,251200,195450,4.0000
495,n2,ZS,100,10/05/2022,VS,Y,0,0,6,5,1,3,0,0,sand,5,251300,195450,0.0000
496,n3,ZS,100,10/05/2022,VS,Y,0,0,1,1,0,0,0,0,sand,5,251400,195450,0.0000
497,n4,ZS,100,10/05/2022,AP_RG,Y,0,0,0,0,0,0,0,0,saltmarsh,1,251500,195450,0.0000
498,n5,ZS,100,10/05/2022,AP_RG,Y,0,0,0,0,0,0,0,0,saltmarsh,1,251600,195450,0.0000
499,n6,ZS,100,10/05/2022,AP_RG,Y,0,0,0,0,0,0,0,0,sand,5,251700,195450,0.0000
500,n7,ZS,100,10/05/2022,AP_RG,Y,0,0,0,0,0,0,0,0,sand,5,251800,195450,0.0000
501,add1,add,250,14/05/2022,VS_PD,Y,0,0,30,48,13,65,0,0,sand,5,248386,197624,78.0000
502,add2,add,250,14/05/2022,VS_PD,Y,0,0,0,0,0,0,0,0,sand,5,248147,197647,0.0000
503,add3,add,250,14/05/2022,VS_PD,Y,0,0,23,35,15,71,3,25,sand,5,248083,197482,94.0000
504,add4,add,250,14/05/2022,VS_PD,Y,0,0,0,0,0,0,0,0,sand,5,248076,197383,0.0000
505,add5,add,250,14/05/2022,VS_PD,Y,0,0,20,33,5,23,6,47,sand,5,248507,197393,92.0000